Community,Rating_mean
3,4.146986637578402
7,4.154303633217993
8,4.212897698508509
22,4.15866388308977
23,4.090944422852701
31,4.14417449902465
55,4.067861715749039
59,4.249602543720191
62,4.16105069756402
68,3.9568706118355066
187,4.105318588730911
203,4.141914191419142
282,4.180397783889354
669,4.127692307692308
685,4.187508020017964
760,4.170614359733531
863,4.08359133126935
893,4.072386058981233
1721,4.100361260949176
5672,4.2000619962802235
